,Subreddit,post_count
69,The_Donald,3882783
36,Ice_Poseidon,913998
11,ChapoTrapHouse,502570
45,MGTOW,215237
15,CringeAnarchy,194941
102,opieandanthony,169947
74,TumblrInAction,140688
8,Braincels,136562
101,new_right,134397
37,Ice_Poseidon2,133427
58,Right_Wing_Politics,110917
13,Chodi,98574
53,NoNewNormal,69627
99,milliondollarextreme,68521
94,greatawakening,67246
16,Cumtown,64916
76,WhiteRights,59886
17,DarkHumorAndMemes,55312
103,proED,54754
33,GenderCritical,50336
111,uncensorednews,47405
63,SocialJusticeInAction,40020
41,JerkOffToDesiCelebs,40002
114,yeagerbomb,36844
38,Incels,36307
81,askseddit,35956
68,TheNewRight,34393
52,NoLawRus,29342
89,edefreiheit,28360
85,chapotraphouse2,27509
107,sjwhate,27393
40,IslamUnveiled,27050
70,The_Europe,26842
9,CBTS_Stream,26102
31,GamersRiseUp,25722
112,watchpeopledie,25442
82,averageredditor,23327
39,IncelsWithoutHate,16986
104,selfharmpics,16533
48,Misogynyfetish,16071
59,RightwingLGBT,14306
2,2balkan4you,13989
61,SamandTolki,13822
20,DebateAltRight,13803
87,dark_humor,13528
10,CCJ2,13416
49,MoreTankieChapo,13400
83,branlettemajeures,13318
65,StruggleFucking,13066
113,waterniggas,12475
46,MGTOW2,12372
22,Delraymisfits,11874
6,Argentinacirclejerk,11296
88,donaldtrump,11179
18,DarkJokeCentral,10864
56,QuiteFrankly,10646
73,Trufemcels,9891
21,DebateFascism,9721
24,Doomers,9594
3,AbusePorn2,9532
54,PedoGate,9519
43,LegionOfSkanks,9172
1,2MiddleEast4you,9059
77,WingsOfRedemption,8937
78,Womad,8921
86,classic4chan,8676
92,frenworld,8467
14,ConsumeProduct,8428
23,DeuxRAMA,8292
67,TheDelrayMisfits,7130
34,Gender_Critical,6763
98,me_ira,6455
96,itsbriannam,6304
66,Suicidal_Thoughts,6289
100,mruktiktokOF,6276
62,SigmaGrindset,6270
75,WeAreGoingToHellRO,6043
28,FranceLibre,5974
105,semtcholas,5781
60,Samaj,5705
64,SomberASMR,5497
93,freshandfit,5491
32,GavinMcInnes,5414
97,jerktalkdiamond,5401
110,truelesbians,5381
30,GCdebatesQT,5371
4,Amberlynn,5365
80,antifa,5314
51,MunchSnark,4914
27,For_Slavs,4829
50,Multecistan,4314
95,itsafetish,4197
25,EnoughInternet,4152
72,TrollGC,4095
108,smuggies,4089
35,Gore,4042
90,faithgonefishinsnark,4022
47,MakeMyCoffin,3999
42,LGBDropTheT,3921
44,Loungers,3878
7,AskTruFemcels,3578
71,TrishylandWifeys,3455
109,tgreathouse_julie,3407
57,RapeSquadKillas,3335
55,PublicFreakoutsReborn,3270
84,brasil_drama,2649
26,FightsGoneWildpt2,2288
0,2Caucasian4you,2267
79,WorldNationalists,1921
106,shortcels,1258
12,Chinesetourists,1174
5,AntiPOZi,503
29,FridayNightHighJinks,501
91,fatpeoplehate,438
19,DeadorVegetable,261
