Subreddit,Reason
http://www.reddit.com/r/2Caucasian4you,This community was banned for violating Reddit’s rule against promoting hate.
http://www.reddit.com/r/2MiddleEast4you,This community was banned for violating Reddit's rule against promoting hate.
http://www.reddit.com/r/2balkan4you,This subreddit was banned due to a violation of Reddit’s content policy against harassing content.
http://www.reddit.com/r/AbusePorn2,This community was banned for violating Reddit’s rule against promoting hate.
http://www.reddit.com/r/Amberlynn,This subreddit was banned due to a violation of Reddit’s content policy against harassing content.
http://www.reddit.com/r/AntiPOZi,This community was banned for violating Reddit’s rule against promoting hate.
http://www.reddit.com/r/Argentinacirclejerk,This community was banned for violating Reddit’s rule against promoting hate.
http://www.reddit.com/r/AskTruFemcels,This community was banned for violating Reddit’s rule against promoting hate.
http://www.reddit.com/r/Braincels,"This subreddit was banned for violations of our Content Policy, specifically, the posting of content that harasses or bullies."
http://www.reddit.com/r/CBTS_Stream,"This subreddit was banned due to a violation of our [content policy] (https://www.reddit.com/help/contentpolicy/), specifically, the prohibition of content that encourages or incites violence and the posting of personal and confidential information."
http://www.reddit.com/r/CCJ2,This community was banned for violating Reddit’s rule against promoting hate.
http://www.reddit.com/r/ChapoTrapHouse,This community was banned for violating Reddit’s rule against promoting hate.
http://www.reddit.com/r/Chinesetourists,"This community was banned for promoting hate towards a vulnerable group. This subreddit was under-moderated resulting in the community's behavior becoming increasingly harmful, crossing the line from a culture critique to hateful content."
http://www.reddit.com/r/Chodi,This community was banned for violating Reddit’s rule against promoting hate.
http://www.reddit.com/r/ConsumeProduct,This community was banned for violating Reddit’s rule against promoting hate.
http://www.reddit.com/r/CringeAnarchy,"This subreddit was banned for violations of our Content Policy, specifically, the posting of content that glorifies or encourages violence."
http://www.reddit.com/r/Cumtown,This community was banned for violating Reddit’s rule against promoting hate.
http://www.reddit.com/r/DarkHumorAndMemes,This community was banned for violating Reddit’s rule against promoting hate.
http://www.reddit.com/r/DarkJokeCentral,This community was banned for violating Reddit’s rule against promoting hate.
http://www.reddit.com/r/DeadorVegetable,This subreddit was banned due to a violation of Reddit’s rules against glorifying violence.
http://www.reddit.com/r/DebateAltRight,This community was banned for violating Reddit’s rule against promoting hate.
http://www.reddit.com/r/DebateFascism,This subreddit was banned due to a violation of Reddit’s content policy against posting violent content.
http://www.reddit.com/r/Delraymisfits,"This subreddit was banned for violations of our Content Policy, specifically, the posting of content that harasses or bullies."
http://www.reddit.com/r/DeuxRAMA,This subreddit was banned due to a violation of Reddit’s content policy against posting violent content.
http://www.reddit.com/r/Doomers,This subreddit was banned due to being used for violence/hate. If you'd like to take it over please make a post in /r/redditrequest
http://www.reddit.com/r/EnoughInternet,"This subreddit was banned due to a violation of our [content policy] (https://www.redditinc.com/policies/content-policy), specifically, a violation of Reddit’s policy against violent content."
http://www.reddit.com/r/FightsGoneWildpt2,This community was banned for violating Reddit's rule against promoting hate.
http://www.reddit.com/r/For_Slavs,This community was banned for violating Reddit’s rule against promoting hate.
http://www.reddit.com/r/FranceLibre,This community was banned for violating Reddit’s rule against promoting hate.
http://www.reddit.com/r/FridayNightHighJinks,This community was banned for violating Reddit’s rule against promoting hate.
http://www.reddit.com/r/GCdebatesQT,This community was banned for violating Reddit’s rule against promoting hate.
http://www.reddit.com/r/GamersRiseUp,"This subreddit was banned for violations of our Content Policy,, specifically our rules against violent content and harassment."
http://www.reddit.com/r/GavinMcInnes,This subreddit was banned due to a violation of Reddit’s content policy against posting violent content.
http://www.reddit.com/r/GenderCritical,This community was banned for violating Reddit’s rule against promoting hate.
http://www.reddit.com/r/Gender_Critical,This community was banned for violating Reddit’s rule against promoting hate.
http://www.reddit.com/r/Gore,"This subreddit has been banned for violations of our Content Policy, specifically our policy against glorifying or encouraging violence."
http://www.reddit.com/r/Ice_Poseidon2,"This subreddit was banned for violations of our Content Policy, specifically, the posting of content that harasses or bullies."
http://www.reddit.com/r/Ice_Poseidon,"This subreddit was banned for violations of our Content Policy, specifically, the posting of content that harasses or bullies."
http://www.reddit.com/r/IncelsWithoutHate,This community was banned for violating Reddit’s rule against promoting hate.
http://www.reddit.com/r/Incels,"This subreddit was banned due to a violation of our content policy, specifically, our sitewide rules regarding violent content."
http://www.reddit.com/r/IslamUnveiled,This community was banned for violating Reddit’s rule against promoting hate.
http://www.reddit.com/r/JerkOffToDesiCelebs,This subreddit was banned due to a violation of Reddit’s rules against posting violent content.
http://www.reddit.com/r/LGBDropTheT,This community was banned for violating Reddit’s rule against promoting hate.
http://www.reddit.com/r/LegionOfSkanks,This community was banned for violating Reddit’s rule against promoting hate.
http://www.reddit.com/r/Loungers,"This subreddit was banned due to a violation of our content policy (https://www.reddit.com/help/contentpolicy/), specifically our policy against harassment."
http://www.reddit.com/r/MGTOW2,This community was banned for violating Reddit’s rule against promoting hate.
http://www.reddit.com/r/MGTOW,This community was banned for violating Reddit’s rule against promoting hate.
http://www.reddit.com/r/MakeMyCoffin,This subreddit was banned due to a violation of Reddit’s rules against posting violent content.
http://www.reddit.com/r/Misogynyfetish,This community was banned for violating Reddit’s rule against promoting hate.
http://www.reddit.com/r/MoreTankieChapo,This community was banned for violating Reddit’s rule against promoting hate.
http://www.reddit.com/r/Multecistan,This community was banned for violating Reddit's rule against promoting hate.
http://www.reddit.com/r/MunchSnark,This community was banned for violating Reddit’s rule against promoting hate.
http://www.reddit.com/r/NoLawRus,This subreddit was banned due to a violation of Reddit’s rules against posting violent content.
http://www.reddit.com/r/NoNewNormal,This subreddit was banned due to a violation of Reddit’s content policy against promoting community interference.
http://www.reddit.com/r/PedoGate,"This community has been banned for violations to our content policy including violations for harassment, incitement of and encouraging violence, and posting sexually suggestive content involving minors."
http://www.reddit.com/r/PublicFreakoutsReborn,This community was banned for violating Reddit's rule against promoting hate.
http://www.reddit.com/r/QuiteFrankly,This community was banned for violating Reddit's rule against promoting hate.
http://www.reddit.com/r/RapeSquadKillas,"This subreddit has been banned for violations of our Content Policy, specifically violent content."
http://www.reddit.com/r/Right_Wing_Politics,This subreddit was banned due to a violation of Reddit’s content policy against harassing content.
http://www.reddit.com/r/RightwingLGBT,This community was banned for violating Reddit’s rule against promoting hate.
http://www.reddit.com/r/Samaj,This community was banned for violating Reddit's rule against promoting hate.
http://www.reddit.com/r/SamandTolki,This subreddit was banned due to being used for harassment.
http://www.reddit.com/r/SigmaGrindset,This community was banned for violating Reddit’s rule against promoting hate.
http://www.reddit.com/r/SocialJusticeInAction,This community was banned for violating Reddit’s rule against promoting hate.
http://www.reddit.com/r/SomberASMR,This subreddit was banned due to a violation of Reddit's content policy against harassing content.
http://www.reddit.com/r/StruggleFucking,This subreddit was banned due to a violation of Reddit’s rules against posting violent content.
http://www.reddit.com/r/Suicidal_Thoughts,"This subreddit was banned due to a violation of our content policy, specifically, the posting of content that encourages violence."
http://www.reddit.com/r/TheDelrayMisfits,This subreddit was banned due to a violation of Reddit’s content policy against harassing content.
http://www.reddit.com/r/TheNewRight,This community was banned for violating Reddit’s rule against promoting hate.
http://www.reddit.com/r/The_Donald,"This Community was banned for violating rule 1, 2 and 8."
http://www.reddit.com/r/The_Europe,This subreddit was banned due to a violation of Reddit’s content policy against harassing content.
http://www.reddit.com/r/TrishylandWifeys,This subreddit was banned due to a violation of Reddit's content policy against harassing content.
http://www.reddit.com/r/TrollGC,This community was banned for violating Reddit’s rule against promoting hate.
http://www.reddit.com/r/Trufemcels,This community was banned for violating Reddit’s rule against promoting hate.
http://www.reddit.com/r/TumblrInAction,This community was banned for violating Reddit’s rule against promoting hate.
http://www.reddit.com/r/WeAreGoingToHellRO,This community was banned for violating Reddit’s rule against promoting hate.
http://www.reddit.com/r/WhiteRights,"This subreddit was banned due to a violation of our content policy (https://www.reddit.com/help/contentpolicy/), specifically, the proliferation of violent content."
http://www.reddit.com/r/WingsOfRedemption,"This subreddit was banned due to a violation of our content policy (https://www.reddit.com/help/contentpolicy/), specifically, harassment, threatening, or bullying of people on our site."
http://www.reddit.com/r/Womad,"This subreddit was banned due to a violation of our content policy (https://www.reddit.com/help/contentpolicy/), specifically, the proliferation of violent content."
http://www.reddit.com/r/WorldNationalists,This community was banned for violating Reddit's rule against promoting hate.
http://www.reddit.com/r/antifa,"This subreddit was banned due to a violation of our content policy (https://www.reddit.com/help/contentpolicy/), specifically, violent content"
http://www.reddit.com/r/askseddit,This community was banned for violating Reddit's rule against promoting hate.
http://www.reddit.com/r/averageredditor,This subreddit was banned due to a violation of Reddit's content policy against harassing content.
http://www.reddit.com/r/branlettemajeures,This community was banned for violating Reddit’s rule against promoting hate.
http://www.reddit.com/r/brasil_drama,This community was banned for violating Reddit’s rule against promoting hate.
http://www.reddit.com/r/chapotraphouse2,This community was banned for violating Reddit’s rule against promoting hate.
http://www.reddit.com/r/classic4chan,This community was banned for violating Reddit’s rule against promoting hate.
http://www.reddit.com/r/dark_humor,This community was banned for violating Reddit’s rule against promoting hate.
http://www.reddit.com/r/donaldtrump,This community was banned due to a violation of Reddit’s rules against inciting violence.
http://www.reddit.com/r/edefreiheit,"This subreddit was banned due to a violation of our [content policy] (https://www.redditinc.com/policies/content-policy), specifically, a violation of Reddit’s policy against violent content."
http://www.reddit.com/r/faithgonefishinsnark,This subreddit was banned due to a violation of Reddit's content policy against harassing content.
http://www.reddit.com/r/fatpeoplehate,This subreddit has been banned for violating the reddit rules to keep everyone safe
http://www.reddit.com/r/frenworld,"This subreddit was banned for violations of our Content Policy, specifically, the posting of content that glorifies or encourages violence."
http://www.reddit.com/r/freshandfit,This community was banned for violating Reddit's rule against promoting hate.
http://www.reddit.com/r/greatawakening,"This subreddit has been banned for violations of our Content Policy, specifically inciting violence, harassment, and the dissemination of personal information."
http://www.reddit.com/r/itsafetish,This community was banned for violating Reddit’s rule against promoting hate.
http://www.reddit.com/r/itsbriannam,This subreddit was banned due to a violation of Reddit's content policy against harassing content.
http://www.reddit.com/r/jerktalkdiamond,This subreddit was banned due to a violation of Reddit’s content policy against harassing content.
http://www.reddit.com/r/me_ira,"This message is to inform you that this community has been banned effective immediately for violations of our policy regarding violent content, in contravention of our Content Policy. Please note that any efforts to reconstitute this community elsewhere on Reddit would be a violation of our rule against ban evasion, and may result in the suspension of your account."
http://www.reddit.com/r/milliondollarextreme,"This subreddit has been banned for violations of our Content Policy, specifically our policy regarding violent content."
http://www.reddit.com/r/mruktiktokOF,This subreddit was banned due to a violation of Reddit's content policy against harassing content.
http://www.reddit.com/r/new_right,This subreddit was banned due to being used for violation rule 1. If you'd like to take it over please make a post in /r/redditrequest
http://www.reddit.com/r/opieandanthony,"This subreddit was banned for violations of our Content Policy, specifically, the posting of content that harasses or bullies."
http://www.reddit.com/r/proED,"This subreddit was banned due to a violation of our Content Policy, specifically, the posting of content that encourages physical harm. If you or someone you know is struggling with an eating disorder, there are resources that can help. Visit the National Eating Disorders Association website or contact their telephone helpline at 1-800-931-2237 for more information."
http://www.reddit.com/r/selfharmpics,"This subreddit was banned due to a violation of our content policy, specifically, the proliferation of violent content."
http://www.reddit.com/r/semtcholas,This community was banned for violating Reddit's rule against promoting hate.
http://www.reddit.com/r/shortcels,This subreddit was banned due to a violation of Reddit’s content policy against posting violent content.
http://www.reddit.com/r/sjwhate,"This subreddit has been banned for violations of our Content Policy, specifically encouraging violence and the dissemination of personal information."
http://www.reddit.com/r/smuggies,This community was banned for violating Reddit’s rule against promoting hate.
http://www.reddit.com/r/tgreathouse_julie,This subreddit was banned due to a violation of Reddit's content policy against harassing content.
http://www.reddit.com/r/truelesbians,This community was banned for violating Reddit’s rule against promoting hate.
http://www.reddit.com/r/uncensorednews,"This subreddit was banned due to a violation of our content policy, specifically, the prohibition of content that encourages or incites violence."
http://www.reddit.com/r/watchpeopledie,"This subreddit has been banned for violations of our Content Policy, specifically our policy against glorifying or encouraging violence."
http://www.reddit.com/r/waterniggas,"This subreddit was banned due to a violation of Reddit’s content policy against harassing content, in particular the user of a racial slur in the subreddit name."
http://www.reddit.com/r/yeagerbomb,This community was banned for violating Reddit's rule against promoting hate.
